"HolderAddress","Balance","PendingBalanceUpdate"
"0x00493aa44bcfd6f0c2ecc7f8b154e4fb352d1c81","1000","No"
"0x0091d84d13483ae41f0432ec86b68266bd67b6d5","1000","No"
"0x00a839de7922491683f547a67795204763ff8237","1000","No"
"0x010f2a5568e092d3c780744c8cf1d382b5ec9f6f","1000","No"
"0x014f573ebd655c46aa95fd94469d6a53bc040502","1000","No"
"0x023ce1300bfb73e7cd946dc99c94bcfb5551698e","1000","No"
"0x025376e7e7f161a198fb5fc90a220a553836d11a","1000","No"
"0x035e8a0a57f24fd10d447c6ce44524513dd6e09c","5000","No"
"0x036eff96a00b461bf86cdfb6cf1fbee08e9e3be6","1000","No"
"0x03d813abfba88e76407d09ef92e05f164ac1a985","1000","No"
"0x0434d93484d66fe90d7db9edf83e4f0561d95b24","1000","No"
"0x056590f16d5b314a132bbcfb1283fec5d5c6e670","1000","No"
"0x06e26c5c30c0179c228405dbda41d431a2a0c56f","1000","No"
"0x0709b103d46d71458a71e5d81230dd688809a53d","1000","No"
"0x0846931641992a70d393771b5d9a1ab8ad5b2f28","1000","No"
"0x084d634f80b36fd815effb38092aeb8074c28ebe","3000","No"
"0x087ee66cc7914c20b49ab2a2de3cfe3b08fb18f2","1000","No"
"0x09238a2aa20600e9773990677d17fef91e688523","1000","No"
"0x0a2a3d3c6d4f2d57d307da3e3e99ff8122077da5","1000","No"
"0x0a6417b2d8b6cb55b1751b5a46289972d33e424c","2000","No"
"0x0a690b298f84d12414f5c8db7de1ece5a4605877","1000","No"
"0x0ace88b44c8010c81a6fd133f7d9f47ca79e6b64","1000","No"
"0x0ad0b792a54704dc7b6f85cbb774106d22e814d9","1000","No"
"0x0b7917b62bc98967e06e80efba9abcaccf3d4928","1000","No"
"0x0bd1454fa01dd11bf6646bf8bc17a3e48fda3734","611.7913","No"
"0x0bfbbd04e9265b28f047353c0678f895ff64ac17","1000","No"
"0x0bff973dacfedd352d68224dec0a8fbaddde1af2","1000","No"
"0x0c25fac9b9d2c295187d860a6a1e454eef0f3b27","1000","No"
"0x0db63506473da740f050d1208487696c0f065a7b","1000","No"
"0x0eb9a7ff5cbf719251989caf1599c1270eafb531","1000","No"
"0x0f086d4ca0713b673b9d949b45277644b076e6c8","1000","No"
"0x0f48669b1681d41357eac232f516b77d0c10f0f1","1000","No"
"0x0f585d3a2f9d46433cce13e68377689a73868f75","1000","No"
"0x0f6d529181aaec81a61b6af441b7b7cd3cda9b01","1000","No"
"0x10031a8001d7ac0bf507cad46ff5e835c339d89a","1000","No"
"0x1010595f96ab62b31bfeac411ec5f8f60db5dc23","1000","No"
"0x10f546a6f4d20d91e5a8506124384759c9f4bc79","1000","No"
"0x11272f04fc59330ba4805597749d9865c2dc8e54","1000","No"
"0x11d91151f54d4edc390ba4fc650afdaef4b676ee","108000.001","No"
"0x11ededebf63bef0ea2d2d071bdf88f71543ec6fb","8.75","No"
"0x1229f24d46f2bf5c50d69210c7a07429ef38d01e","1000","No"
"0x1297ad486549a430d59d9d5f99ed7c216b6e77dd","1000","No"
"0x12d0f12d98bbc9187667f7996bfdd51648fdc360","1000","No"
"0x137d9174d3bd00f2153dcc0fe7af712d3876a71e","1000","No"
"0x13c4fd4092f436c85d34b340c45a6e7549976262","1000","No"
"0x149884b699fe3e1b042f85fa3b54843eb689b2d4","1000","No"
"0x14df40586e0f2ca5ca222db0dac8df2f4c5b1aab","1000","No"
"0x150f498a6b5a926f2c01b557033d321e24833e1c","3553.359","No"
"0x15621b0a985cc43ba52b1223380612b74365ed43","1000","No"
"0x15d375a2e9820ee8b90f5e7aeda83fba351ac447","1000","No"
"0x15d38100c29971e5948f7200002fd433ddc34489","1000","No"
"0x15f975952471083794791f0e0c819e6594bc5345","1000","No"
"0x16174273b883ec5b2ad3bd9aeea08e67a2711d0d","1000","No"
"0x17100d0a90365f775710f19d3c0c27624929df1c","3764.4757","No"
"0x175b49d39c059d764b4d268e66822eb420f46db9","1000","No"
"0x17d6d775e534802767c2cd4f65cdc647b481e857","1000","No"
"0x183b6267cb9f985a8aa7fc912672a21d644a4102","1000","No"
"0x188bd32f4c3b5ffaee22c2ec653f5d32ed27d844","11000","No"
"0x19847a32b0eb348b006c79c1fb2d3ae1276c6028","1000","No"
"0x19d9da9006e0da7b4e67874623523f4127aa40a7","1000","No"
"0x1a529dd8ee6bcd5a9fa53887048c5d7b3df8329c","1000","No"
"0x1a56f2e94c4178c847c8689748551c3e1a149e7f","1000","No"
"0x1aa000e34290c1ce5cae1084cd46b1bca04ba6f2","3000","No"
"0x1bc3621fd2348d46fa54524d165d50b5163902ba","1000","No"
"0x1bf1baac1e98ade5df093e015e0f783cc4b81b36","1000","No"
"0x1c8181a1be395ee958af164a4099d252494f3616","1000","No"
"0x1d3ab981ac3ab27b35e4abaaa0a4de1c48b04c52","1000","No"
"0x1dabc3b1e6e6878fea60f9d9799b1cfdbb9d6aef","1000","No"
"0x1dd533820c1ac3080a59f2b0b3990e7674fb4603","1000","No"
"0x1de1a360ccf21526746e945773b5663b238df78e","2000","No"
"0x1e32a859d69dde58d03820f8f138c99b688d132f","1000","No"
"0x1e8e749b2b578e181ca01962e9448006772b24a2","1000","No"
"0x1f3b23d21a4b7ffca590856ff1941c81bb19215f","1000","No"
"0x1f5691533e3103a6a50c2be1ccf2280fc69b6631","6000","No"
"0x1fd7dae8ce6190509486e657629975e10ecfef60","1000","No"
"0x228ded9e486f8e00510fd8ab64ff684d6f941250","1498.8628","No"
"0x228f9fd74f35080771a9e858f9575451d3ccf7ed","1000","No"
"0x22a1789dd5ee19151356a05cd715d73081d833f8","1000","No"
"0x232e02988970e8ab920c83964cc7922d9c282dca","1000","No"
"0x23787626349cc170bfc512e5b5e3d3f44e00d02d","15000","No"
"0x251900a7efa8dbed6b9facac1e8620f98f204735","1000","No"
"0x25709c1a7d07bcac84035b4998bf3a4c52edb973","1735.235","No"
"0x25ea58ca2bfcfb6736fba90f2d04bb8414f9d34e","1000","No"
"0x26921a182cf9d6f33730d7f37e1a86fd430863af","1000","No"
"0x26c1e466ce41070585d6876dc17b7bd9295c41d5","1000","No"
"0x275f79e4e685b21c17a12fc446ecbd184e292aff","1000","No"
"0x286cd2ff7ad1337baa783c345080e5af9bba0b6e","1000","No"
"0x2a3f7e5170ea8ca967f85f091ef84591f639e031","1000","No"
"0x2a52b0050459cc4e9c1b50d8e0826755a9fa3326","1000","No"
"0x2a8c653439f4e479089ccaca69b025279ac1a415","1000","No"
"0x2ae82657ec1ec17b25f564cc500dac2a55c5c623","1000","No"
"0x2b18233fb4306a705471a7271c018ce0ff7dd754","1000","No"
"0x2bc2ca2a7b3e6edef35223a211ac3b0b9b8d4346","1000","No"
"0x2be0628ca4cd0105de98c8cc6f8e4ebbf222783a","1000","No"
"0x2e40e6c5a91a66728baa76c717c988f170ea61db","1000","No"
"0x2e44a820d77b013afa75766953b2f819e33a19c1","6000","No"
"0x2fba909aed4345ac0c67c75c51d955f822b14629","1000","No"
"0x2fcc020f72e5d2edd2a24d04f3dc90d7fdfbd1dd","1000","No"
"0x303052148a78a692d7aa89bad454f3e91785488d","1000","No"
"0x30602250c5f1fcba5407e99b1dfaab992ea4ffd2","1000","No"
"0x3128f5e622781af0757b8085bc1ae694519a9340","1000","No"
"0x31e99699bccde902afc7c4b6b23bb322b8459d22","11000","No"
"0x321ed5739440bdbd731d54a19aa20b18398d374f","1000","No"
"0x324f6ead99aeda8b0083a4445e8df08a342e22e1","3742.8618","No"
"0x3282f7a8d396fd37927a63897fa9ca98178ec480","1000","No"
"0x32cabeda98a9f11df73e6e2402128546baccc97b","1000","No"
"0x3328f5f2cecaf00a2443082b657cedeaf70bfaef","5.0006","No"
"0x33c2656b7b33461f346f697d998d89a110eb42ef","1000","No"
"0x3451a16bc9c5410438114d406eeb320fd6e6ebf1","1000","No"
"0x34c1116678b62fd7ca548eea729d60ab1a566b39","1000","No"
"0x359355a35f0a1410b2afbf8790a42fefda134622","1000","No"
"0x35937462a74d3c64b173a755a40c916e912a8eb5","1000","No"
"0x35f34185f753d5fef739d46dba7a26b2bd88c83d","1000","No"
"0x35f64560c51c8772f75186a8931929589b7c8d80","1000","No"
"0x3676eae386ce3a858e42e306383253b12ba81773","3087.2114","No"
"0x37438ee973de2942067b48036c2341a23bd19290","3000","No"
"0x377a75c4ef92502fe40d2b454f0c3829b8c0ffc5","1000","No"
"0x378ff65cb9e9b83b86aa2534c9991e5b28f1ec92","2000","No"
"0x37c698b808b18bb5aaa91ddf92ef04d6e7d4f99e","3000","No"
"0x381636d0e4ed0fa6acf07d8fd821909fb63c0d10","1000","No"
"0x38612736666162fa19bab833e4cc27a64699d6cb","1000","No"
"0x38a161d47f01b375f505fcb13e73a315819c7eb3","1000","No"
"0x38a4d889a1979133fbc1d58f970f0953e3715c26","11000","No"
"0x38e718a4fc640550d2c7be13b65766ccf4afe4a9","1000","No"
"0x38e71c42dbee9b368f93c1278b8ce0b4aac44b29","3000","No"
"0x398a20f8a91a7406343e75f4ac1eaad6902d3862","1000","No"
"0x39f9df59beff4a468ec337a0e431b1b8eaa0c24c","354.2307","No"
"0x3a0fb26706e31b1dcc64d80658c5490987eaf492","1000","No"
"0x3a49309413793b32f6a308769220147fedbffa5f","1000","No"
"0x3a9e26e2f92dfd2a802d5656c1d97d15e03382c7","1000","No"
"0x3b2a5889c5921db89a2a9da1102d6b44bf168087","1000","No"
"0x3b6f8f26ee32006ca8a0806494f96c234939c2e2","1000","No"
"0x3bbbcbc1c0b584f61ed746096e7b67c6bc2dac93","1000","No"
"0x3be79b778932927d4e6266db4d2f0f4873aa312f","375","No"
"0x3c1d6deb260a173059e030fa29d053545e7bc821","3000","No"
"0x3c3cab03c83e48e2e773ef5fc86f52ad2b15a5b0","1000","No"
"0x3c47212bc5b278f51e98f1a40f684eec6446b93c","1000","No"
"0x3c727446475cc634c20ba06619edde6045df0f95","1000","No"
"0x3c8cf14750960925ed386f837657632318b83494","1000","No"
"0x3d68bcbc90d45d2e37bf751cb839b9182049b483","1000","No"
"0x3d6c8d09f33873c73ad60b54f1486cac3c2647a2","1000","No"
"0x3d9fe7337f067dd52d1dc8cb45490b1ad6c2f65b","3000","No"
"0x3da48c5e033edc7dbb3bcc1e68293753c1ce9cf6","1000","No"
"0x3e1e99e4c9b2ec914f814d6496ede63b870da5ed","1000","No"
"0x3e1f1fc109b0130a8ba13a1546c713d030b8613f","1000","No"
"0x3e81ea3a8a2d0b71a85468b02be83d09bfffe476","1000","No"
"0x3edd845c9940ff3042a12449d53006a9296df596","1000","No"
"0x3f47d53aeb29e695b233459377b1cc14a781d60d","1000","No"
"0x3f7dd0b106b10d06bb4813715b4e24d9e626dd64","1000","No"
"0x401cbf2194d35d078c0bcdae4bea42275483ab5f","1000","No"
"0x4033b430106c02db2278022e48c30cded35c9e42","1000","No"
"0x403afdf9ea925d3b48e719a44610da1679a57651","1000","No"
"0x407d1349a1179472c29dc58431ce9bfca3f5fecd","5000","No"
"0x40b767d119dbc81547cc13c6c55b6ed40a6506f1","1000","No"
"0x411f43017d10aae605092c68efd4ffdb355fc98b","1000","No"
"0x412b52644c50aa6b4d704318db37537a33fc01b2","1000","No"
"0x41bf39033c732f884a52ddf38f647ad63457ceec","1000","No"
"0x41fec248777efa4bdba27108cef74da24b74a4bb","1000","No"
"0x423a0a0f3479ab24b2b04c8dba8bbe0e2bbb5cc6","1000","No"
"0x4322aa46ffed67809862da613725728e2fb8eae3","1000","No"
"0x4370b38b264dde1bf04699f4649cedfc2aec386a","1000","No"
"0x437f345ffa05e28b0730a505bc424593e0a27f0d","500","No"
"0x4390b56cf36233be3079942022af6cbe453d6086","1000","No"
"0x44ed32b27aebf445c209dab3ea7e3a9d50f37b2a","1000","No"
"0x450ee356ad372cc77d3fc329a472326633232b30","1000","No"
"0x4530307f98208d3bd5b9631880bc7351770c8810","1000","No"
"0x45d28aa363ff215b4c6b6a212dc610f004272bb5","6600","No"
"0x475566f2b32f98a8fb8ddfaf184dc522d0701f72","1000","No"
"0x4897d38b0974051d8fa34364e37a5993f4a966a5","1000","No"
"0x48a63097e1ac123b1f5a8bbffafa4afa8192fab0","1000","No"
"0x48d1f7e41070fc0bb0e36925a68db1350088c54e","1000","No"
"0x49e7a70f622bfaa30145815b3fd7df7faac747eb","1000","No"
"0x49f2495a1fb4fd0fc90a10706b598b4594409a88","1000","No"
"0x4a8002c48c0ce508f1f7cf4297380acb7a97c50e","30600","No"
"0x4bab464da1bf310b60b4b1bf0bb15932be61d6dd","1000","No"
"0x4bacb7664404f1a6157d37ea2dcd1669a556d562","1000","No"
"0x4bbb41f61fffc1bbe65a2aa192c65281e16ea758","1000","No"
"0x4c4d793b848014b02a176ffdace6babe96454fb3","1000","No"
"0x4e0030aa2b1aeb26016095b56c01c9742113001c","1000","No"
"0x4f942119e6ab0a6e4368e795d1d64291a3ff0da4","18325.6396","No"
"0x4f9ebc78810951317625736c9783635c343d2f82","1200","No"
"0x50cde770461ef53b62e083313d64b5b274b4bb78","1000","No"
"0x50f808e2876c025a2322883eb084c58528cf930d","1000","No"
"0x5154dceeadd948111678616de0394a4544e3abe4","6000","No"
"0x51ec5e1b8b3c4c6bae49619e657f94c4ad577b45","1000","No"
"0x52af787439a82f36d6ef6b0da0f0e5ecce29ff90","1000","No"
"0x52c2d084e523463f9e287f9b6aa85764cfd88f18","1000","No"
"0x52d7e31678d712ee8c15ca5af10babc257e5b61a","1000","No"
"0x537265e3fa15c839e445a483e8428e2dd627d00c","1000","No"
"0x53c1ee14ab9119aac27ef6dfc7f6ed7e55510357","1000","No"
"0x53dda0a69992b87e51f0f14b1337281f09a2c8da","3000","No"
"0x53e3514b9a89f27babdeeb6579d97628a90ff323","1000","No"
"0x5400db91661ad2b2a5664caaf81c5cae8aaff514","1000","No"
"0x5445092634581774a680e4dedd4ec9bfc35a26fd","1000","No"
"0x547e4f8fce41fe8e46dbe7554b9153ea087311d7","1000","No"
"0x54fcfccdcaabd65e107a33edfc0e83ee2c621ec0","1000","No"
"0x552f01d67b352aaa38bc675e30ced97f2451df63","1000","No"
"0x5681b90ff9ce010dbccd9c9dcb36f8c16ac7d967","92.6625","No"
"0x5698daf2c0cf116d6c8040bca027bfbcfd3ffcc7","1000","No"
"0x56de39fed566f064dd9c5baba75c4c6e6d61f130","1000","No"
"0x56ebf8c025be621ff3763c664ca34aef60304661","1000","No"
"0x56fcb471a9dde74045830439ad6612c9aad53c19","7894199.995","No"
"0x574d479d8cf0437b440ce692dd7c8f07c4e9bbed","1000","No"
"0x5783e73dced23314aa7764f1d7cf59d32ba03944","1000","No"
"0x57dd7f7dec129f623eb9dda3acd900be2619200f","3000","No"
"0x59a5493513ba2378ed57ae5ecfb8a027e9d80365","1000","No"
"0x5aeedbc6b655c13950f32e5e8a0760d15bbe0afb","5000","No"
"0x5b06b44a66e5345661f6e4596f3a20da19eec1ee","1000","No"
"0x5b824fd39fe8d3cb6596c937bdc2a76bc9f9b3b7","1000","No"
"0x5b93ff82faaf241c15997ea3975419dddd8362c5","1000","No"
"0x5ca8e2b247d4dd1505677e5ed58f1c8221a507bf","1000","No"
"0x5cf4e7e1fabefd366512b60f1509a678c0a43e48","1000","No"
"0x5e2889eb037aeac4f64fbb9856514f6dfebada63","1000","No"
"0x5f97e9814fcbfc41ad6b9dd981d72832a193a2be","1000","No"
"0x603a8fd9c4d35dd8ddd41fc8a0d711777334b3f1","3000","No"
"0x606d2c436a07be40c276a6176bb1376c34e49ee9","1000","No"
"0x60b0bac06ff5d46b3a4c7633b00f4933e3cddde0","1000","No"
"0x614a61a3b7f2fd8750acaad63b2a0cfe8b8524f1","1000","No"
"0x6186290b28d511bff971631c916244a9fc539cfe","1000","No"
"0x61a83d61ec0d94b365441ed7bf1d2a4ae777785d","1000","No"
"0x61b50a74376a9cd1dabf20bc922017441f9f8267","1000","No"
"0x61e725451c31189a32a6ffb604b7c23475eba10b","1000","No"
"0x61ff15db4ff75b180cdc3351f71fcc288606366f","1000","No"
"0x629cd43eaf443e66a9a69ed246728e1001289eac","5000","No"
"0x6301add4fb128de9778b8651a2a9278b86761423","1000","No"
"0x64440444a1fd95d271438b7b0199ea5f1844661b","1000","No"
"0x644a169a572bd72fe1ac2120294248850c75aab2","1000","No"
"0x6463dbd8ae7dfb08cfe903cdf98ea7558faf36e6","1000","No"
"0x64abc5b10c77d93be5038e7b4965d2f0d8279127","3000","No"
"0x6514304c439565bc6bf5e60dc69dc355a034e6c3","3000","No"
"0x6519e6117480d140cd7d33163ac30fd01812f34a","3000","No"
"0x652ea1ca01769ed819b765d87d84e11890a37716","3000","No"
"0x6576cb9c44b7a8009b47ed9f6df1576275c4b5e8","1000","No"
"0x658fe4301332780653e15a498a5e6c7c8ebf8603","1000","No"
"0x65c671aa1653a28bc6d16c31a4597ed677fff45d","1000","No"
"0x662d5d79849113a5403af776210307a7c82a5267","5000","No"
"0x66e83bd51f84fbdb3432f5104f38d8e851a32281","1000","No"
"0x6717af6cef0ac26999eec6484ed213c9ff81a257","5000","No"
"0x6761bcaf2b2156c058634d9772f07374d6edef1d","1000","No"
"0x68a7ac13477aad590982293feeeb786a00276cf2","6000","No"
"0x696ef7ffa70b25666e394a095b0d46b2c17a2662","6000","No"
"0x69bab6810fa99475854bca0a3dd72ae6a0728ece","1000","No"
"0x6aabb800cbf452db2e3980afcf9bf7be1baad57b","1000","No"
"0x6ab075abfa7cdd7b19fa83663b1f2a83e4a957e3","1000","No"
"0x6b0bf3dd3f83c1776769a87cb080ef370288f355","3000","No"
"0x6c3e007377effd74afe237ce3b0aeef969b63c91","5895.5907","No"
"0x6d27109ee133835817eb9f232cf5047879ca3be9","1000","No"
"0x6dfc99cdefd0f2da327b0f31fd0046d8096e955b","1000","No"
"0x6e3998bab30f24d0b7bb09a24fbc7105f3f2dcf8","1000","No"
"0x6ed0fe7fd0e1b3ebc831bd71a4c08e64adc04c5f","1000","No"
"0x6ef2376fa6e12dabb3a3ed0fb44e4ff29847af68","91000","No"
"0x6f31779b86eb507f110ce4b506ef022e500828a3","1000","No"
"0x6f35b0cfc58eb1e21eef8a439bbb0ce4c929d32a","1000","No"
"0x6fe0d36b3bdccaf2ada8f48e1e5f949ed49ca944","1000","No"
"0x705200b2a465f909637b71e85a04768d3a6f46fe","5000","No"
"0x70ad26c087ab0650b3e84cd42fb220e1c45b8f51","1000","No"
"0x7193b82899461a6ac45b528d48d74355f54e7f56","1000","No"
"0x71f9ccd68bf1f5f9b571f509e0765a04ca4ffad2","1000","No"
"0x720a4fab08cb746fc90e88d1924a98104c0822cf","1000","No"
"0x720c9244473dfc596547c1f7b6261c7112a3dad4","31.2321","No"
"0x727646dcbc60a7c0b38c64c649a3866950443d10","1000","No"
"0x734ecfb21ef666e9d8c171e37f6b5fd06712a3a0","1000","No"
"0x73dac69b5dbce7772550ff0e140d165d39a289ac","1000","No"
"0x7424c2f6a6080ee56c5a0cb37540c424217de5b1","1000","No"
"0x756606715aa3d0ea98cc68ef59e70a3441991a72","1000","No"
"0x7575fd8a69005f3f780bd745c7cb78b540d3878b","1000","No"
"0x75fda6bfac282634323be70bb27a2c0839082ac5","100","No"
"0x76d2185834cf02e5a65622d5e26ab112df20ced1","1000","No"
"0x76fbdc28e90553d9f979140c6f7fc4565ebbecf3","1000","No"
"0x7763d36925dfd009def58a47ee333c124d879c47","1000","No"
"0x7779756dc9f66a5f769f34bf0918d6c180783bd7","1000","No"
"0x77949c6e085acd4905d9094b30b8ef8e1cc0387b","7000","No"
"0x78037259d224047c56788e2f79207be2f526d441","1000","No"
"0x783c028493e14863397090e6b2ed5e26182160ee","1000","No"
"0x786f7da0e3b75ca98709556a1efe9820b4a301d2","1000","No"
"0x78ebe56bc138069557c89af35eb29023ff31ae2c","3000","No"
"0x7900b02888ac540de93f9bc64d9c078c876c8047","1000","No"
"0x794d3be3e1f3792a7397c84997fc28e081745c1f","1000","No"
"0x79dc911ba6f8424a4b6158ea0b24168a8e0e0fe4","1000","No"
"0x79ecd68a6bcdf40f40bf0dc0c1fcc962aa8c6213","75000","No"
"0x7afd8a8266a010489f834b93f6b1e024c8165936","1000","No"
"0x7b5485c076acb0a6e601be90d995a5f50c6988e7","1000","No"
"0x7b7736a2c07c4332ffad45a039d2117ae15e3f66","6000","No"
"0x7baf191cfaa4a0b08991fb728179baaf3917836a","1000","No"
"0x7c99670ecc3a57cd1a8d1bdfc8e2ff5b4527b382","3000","No"
"0x7cb71c594febace6b6ba11126abeb8cc860cb24a","3000","No"
"0x7ced10c2c2c6a70c4f5417f7d19b38ec10e65824","1000","No"
"0x7d194819c9d7f6314df54a5b891bf9f7b4ae41ab","3000","No"
"0x7d33b4d4f2af00c0f18bdb81e67cabb84036f6fa","1000","No"
"0x7d42611012fdbe366bf4a0481fc0e1abf15e245a","14600","No"
"0x7da70ff4372512b0abcc050b36972a35e85fb0e8","1000","No"
"0x7dea319d9aba3d8bc67e137ef514ac5e2d702c96","1000","No"
"0x7dec37c03ea5ca2c47ad2509be6abaf8c63cdb39","1000","No"
"0x7decf7a31168778f311c57b9a948abaa7321001e","1000","No"
"0x7e23a0a9fd1105ca4b1dc9b7e0f0aab3b7071caa","1000","No"
"0x7e3b9e461d1ccd4d0ec4cf09fc1de9d6d4e335ac","5000","No"
"0x7e97e648b6576187f1a4a03b194cbfd4ee76f543","1000","No"
"0x7fc98b82710dfbd93bc2644003d8687675dc80fe","1000","No"
"0x7ffd68ae92ddc5c7d9a3e29e37166823ad0d46db","1000","No"
"0x80106c6e3001bbd2620e329fe9411d4de371bb2c","1000","No"
"0x8036bb84031e60a1bac93078c0e59bbd5e485db9","1000","No"
"0x80530a15a95c0a1fa388e35752d2aa28b3fcc432","1000","No"
"0x807225694b85585d35ebaa7a70a4fb94060c038f","1000","No"
"0x809e1e2725dbbd8d75eb1a460880932d2e1d4c1f","1000","No"
"0x80c9071d47ea0f22b4c14e61bcd90f08ca67880d","1000","No"
"0x80c939f8a66c59b37330f93f1002541fd4e51aa2","1000","No"
"0x810e096dda9ae3ae2b55a9c45068f9fe8eeea6db","1000","No"
"0x81e5cd19323ce7f6b36c9511fbc98d477a188b13","1000","No"
"0x81e9245dda8d5605905c4b90d86fa5a64572bd00","1000","No"
"0x82290dc0505ec92f92e56ed9cc3356c1a9781fb1","1000","No"
"0x82397c3222c3797aa8c01eb05c316070281cd779","1000","No"
"0x82bb6b5e92e1143fc03ee468a7ba9df8e955f7c2","1000","No"
"0x830cc132dd66f6491ceaa20206f398247143d9cf","1000","No"
"0x83c99bae963285b1f0a82a1c326fd84bea6438d7","7000","No"
"0x83d76a05183f1499d9c36a2749975bddb7630f9d","1000","No"
"0x8488f78d943cf6b5e1231c5370fed186ba7a3044","1000","No"
"0x84bb8f4998527aaf4cf5633bb2743533310600bb","1000","No"
"0x84cc56358ce4effef5b9357f1de5ab693e2f6c29","1000","No"
"0x84ecd8bae0fff81b722a24d4e00b010bd02691d4","1000","No"
"0x85ebab1697e0ce803290a060b15d07ba058c2bb4","1000","No"
"0x85f4732d67a27cad1e31ac266c81e6cbecd47c13","1000","No"
"0x8660fc66cf3e06d86e8013c3b6be5592a5fa916a","1000","No"
"0x87715066daf3c2e0a05085a2f1b6087b90aeaf82","1000","No"
"0x88004441a0f79727d19a2697344244c901736e0a","1000","No"
"0x88d3574660711e03196af8a96f268697590000fa","2000","No"
"0x89d6e9b4bb90a86c0737f787739e5c252bdd81ad","3220.7758","No"
"0x8a286b1bbfddf7296c497e99d5900005a09831d2","11000","No"
"0x8a333a18b924554d6e83ef9e9944de6260f61d3b","1000","No"
"0x8a7ddbb2ea5eb26f563c7734fc4b9808e23a14bf","172600.001","No"
"0x8c0523f98d71c48becb178b26bca636bdd63a2a0","1000","No"
"0x8ca4ae4152219ef8f4257759064dc857ca823dbd","1000","No"
"0x8d33a9656f3cc17eb8ac5744d1ec1f864556b235","1000","No"
"0x8da324f75c882f561a5d44bbd0b1bae26ed17a79","1000","No"
"0x8dbbca57ea56290efa14d835bbfd34faf1d89753","81000","No"
"0x8e4a4ebb5d1f689afaabce37eec80ba50b0748d1","1000","No"
"0x8f82bf1690710a4c422f76ba43284ff7b25512b5","1000","No"
"0x8f903cfc0af3c2ec0d872c57538af5e071544a57","3000","No"
"0x9047160b5e47e9290caa12886730c73cbb136884","1000","No"
"0x90fd1d7f97afc142ec85ff87ad6c3a83ecb8c821","1000","No"
"0x9106b49a05f842b58d56f8a5aea404d654867e26","1000","No"
"0x91e371c3cd3aa81af27b1602d4d8cf9d81ec5a90","1000","No"
"0x91ffc96bcd9f9f4ffa22b538d335c7c6039769bc","1000","No"
"0x931d24f3dede331bfd02a1aa855e9cbf7f0ea2e7","1000","No"
"0x93730ce5ac9de1db9f3fbb73bf522a690629ccec","1000","No"
"0x93811dabfbee9736035025cba91491d7747cfd47","1000","No"
"0x93cbc172d4b35e65530e2e9b0f5c6c154e0731af","1000","No"
"0x949b198324e7b92442c2ccf73bac6e3ef3a3a0a3","3000","No"
"0x94de7e2c73529ebf3206aa3459e699fbcdfcd49b","1000","No"
"0x950ec370050aa46622045edbd7d1fd22e9ada5d9","1000","No"
"0x955d81e9a0ef56f332312b0cc476fc6235478b0f","1000","No"
"0x9649e370ee6facc62e1849eab6f4be7a2b5f4a13","1000","No"
"0x975fcac1b4030ef5b5c319f972634ea6fe757998","1000","No"
"0x97b00eebfc135baf9fbcf1daeeddab2fde75d5ce","1000","No"
"0x987584103e6a4e1978a57991bd0379d41f6166e6","3000","No"
"0x98a692316057e74b9297d53a61b4916d253c9ea6","1000","No"
"0x98ee235244a99fde7aadafb0c0fc77845d9e055a","1000","No"
"0x993753f910ca1ecc93e3f32f013aa92c3b45aa94","1000","No"
"0x997aff12f28b97fd2bdd99fc186190eaaeebd4b1","3000","No"
"0x9a1172976c47a86f0381134ff91d200111431f49","1000","No"
"0x9a3acb42d506767f7d83c3b6f2ead417adc1cdaf","1000","No"
"0x9a568bfeb8cb19e4bafcb57ee69498d57d9591ca","1000","No"
"0x9ab97cb816010cf1abe8e67f6cfc56ce3be917a3","1000","No"
"0x9ae8912ea6562957043c8d048641aa9b450c397f","1000","No"
"0x9c87fe628884bd395571b8f3cb20a1f3ab212695","1000","No"
"0x9e10cf54cf7e82db87d73a9508edbf548663dc16","3000","No"
"0x9e199d8a3a39c9892b1c3ae348a382662dcbaa12","22000","No"
"0x9e3f57d62fdbd0c7cfec744821592d54dd502cad","1000","No"
"0x9f0004e85ab1a65d569cbd9a59a46ef0c84cf470","105000","No"
"0x9f11979c5a19988a83f2df2196cb0cde8bddd672","1000","No"
"0x9fdd56519f1b30def1cbfbc1d46c6f308a7f48d5","1000","No"
"0xa0ab8eddf14a5174688e2eb1bdb69cdf377142c3","1000","No"
"0xa0d7e7750ad9d7af734bfe1c01ebcad65bc1ebc1","1000","No"
"0xa0ee511290338925420b406e45f91edb2db017ae","1000","No"
"0xa122355892040d2cf7bb3723fc97335377aedb1f","1000","No"
"0xa13e3b2eee863966c6703fe56ca60a4221c42cd6","1000","No"
"0xa1e4f7dc1983fefe37e2175524ebad87f1c78c3c","1000","No"
"0xa20573d7c7f9fbe47ffab6f6366a94e802818872","1000","No"
"0xa21392dd4b12cb543fb6d1e4e8759b3ac6e55169","1000","No"
"0xa23842c61ca1e15bb148ab13840768b87f04e642","1000","No"
"0xa2924f9cbb4d45e2d8e435272a4869b072bdff74","1000","No"
"0xa307064b05b598c47aca897b1a42f0c84bfc52ac","1000","No"
"0xa45d54bb12ab28fcde47a7c9e2e82d6c24e56119","1000","No"
"0xa478e7a8792b584845cfe27819761e16422154b4","1000","No"
"0xa4c8d90f061e69fa63c94d148b51eea7833ea7f3","3000","No"
"0xa5aa34f78d1823c347faa933a632f07be6788b52","1000","No"
"0xa5c80be2c4d2dca26c3cba2cd9d4a3c4cf3212ea","76200","No"
"0xa6d21cf923f5911f8f5db2ae0f5d0dc23b9ce665","1000","No"
"0xa6e59b844891e619801b298f4f0af52054513a3c","1000","No"
"0xa73acbc510c5e0c4485a284795847a9fcce89352","1000","No"
"0xa7cc956b044fd760732ceb8a659f45f717fe88fe","1000","No"
"0xa8dbe920eb44a68f847e35283c5245474499e486","1000","No"
"0xa90c42f75c1dcbf19408df6435cee0e1146cf257","1000","No"
"0xaa3654796c5a05e5311af191732945a2e616d487","1000","No"
"0xab5b57832498a2b541aaa2c448e2e79d872564e0","1000","No"
"0xab98594140d7dc21070fbe4106da840bdbe7494e","1000","No"
"0xabcb10c500b71b19adbd339e13c9b5536e261bd9","1000","No"
"0xac4361f56c82ed59d533d45129f407015d84702a","1000","No"
"0xacb87fcf28bd3c3e8411d483461bfca576d4b37c","1000","No"
"0xad74d773f534da4c45c8cc421acce98ff3769803","1000","No"
"0xae26b20104f4b7ef39d23e01b83048f28cbae01d","1000","No"
"0xae86878be57a0264fee69069e097452ecc0d699c","6331.4761","No"
"0xb08f95dbc639621dbaf48a472ae8fce0f6f56a6e","1000","No"
"0xb09861246e4149afa18581449c0bb6d4f56bfee3","1000","No"
"0xb0a4c6cd3cb5181b30d310646fbf318a6f6767b8","1000","No"
"0xb0fce864564433c5304f8e64198191e9ef5508e3","1000","No"
"0xb14be0a9f67ef3e8bbf44cfc516ad17d186b3aa2","1000","No"
"0xb27409bc4109c3cc25a035e2f2d61e9f757e7a99","5592.0913","No"
"0xb2ae49c0ae0a0cbefb3cd050de7915516d0c3082","1000","No"
"0xb2e714bf6b0cdde7f27316132fb612315f3faf91","1000","No"
"0xb2ee477ced8d69afdb5707b31170c782f5f26f5b","1000","No"
"0xb32e083709588a1b3fa9c115c48051e61cbeba0a","1000","No"
"0xb36779e0524d1efd6a0b98ffb8a4c63c8009b1ac","1000","No"
"0xb394e284b59e95599151bed5d39a8f3c00acc54e","1000","No"
"0xb394f1aa30ba874df3ae6097bf4c2474b2d8f3ac","1000","No"
"0xb3a0867e0210bdde482729ea7a51d74f6a9948b5","1000","No"
"0xb440d55d052e42e69784b5a6ba250dd15b6afacb","1000","No"
"0xb47666a6d0096d5871c51d9bee04b6f97f773f6b","1000","No"
"0xb4968ae81fdd1bc3b8fbf832ffda61bc337f5118","1000","No"
"0xb4a8bf692110a7f66a8bb8071024ec148cca80f0","1000","No"
"0xb4aae67267a76c11f2a00fe7304c6d716c2f65e5","1000","No"
"0xb4e747c6a485ff2b19e9bf716899cb6d3e20e357","1367.3017","No"
"0xb53349160e38739b37e4bbfcf950ed26e26fcb41","3000","No"
"0xb63a5c5710f06e111fa14ac82da2183c5102b504","1000","No"
"0xb6685d3849f2932c89c030f49e1bd8a994589b1d","1000","No"
"0xb6ad61b7558c718269a9129bd9ed9839d88a126a","1000","No"
"0xb764a4d0e93719ee280b63e23fb45ec4d1e68093","1000","No"
"0xb8c50ae12576069aa5ef8304356957efc12d4f38","1000","No"
"0xb96dc6749fb274def23a56016e426c03a32c1214","1000","No"
"0xb9815fbab71b377a3313f8a01f91e7fb222e4dff","1000","No"
"0xba178ae12daa78de6592847cf8bb26508ae5d5db","1000","No"
"0xba7943e8b4ad7607af6fd22cc31c68e8baab61ac","1000","No"
"0xbac42c9b32e574f41b86e20fba0cf479a5a1ca58","1000","No"
"0xbb403d793dda52f8512950953771b7c341086120","1000","No"
"0xbd18f7d198abd89576fc2bc165b87f3eae0aa97d","1000","No"
"0xbd23ba386baf796b6526e1670d9dddf1f7b15ebb","1000","No"
"0xbd72d021d3cb334deb3151db905ee073b8eee518","1000","No"
"0xbd9e322303fa0ee764d8efb497ca4b81589a281a","1317.7719","No"
"0xbe81cca2fc9f28e24ede0363ddfcdcba31ab1e3f","1000","No"
"0xbf15754dc61f5e552a5c5a51e6b571d567798650","1000","No"
"0xbfbe29231556b51d0f6745e70285224bc1cf1f72","2000","No"
"0xc15730bfa121a6146a5ff6279f0c5ee32cafb5dc","1786.2687","No"
"0xc22103115ea757c427788622880be6afb8a4eb64","100000.001","No"
"0xc229d7d3dd662a1b107e29aa84bb0c8ff609cf3a","1000","No"
"0xc22df065a81f6e0107e214991b9d7fb179d401b3","5000","No"
"0xc2b35534e47cdf3d787e01630129631d8270abfb","1000","No"
"0xc2c1feec15a391938abe751896965a8bd9ed20ad","4000","No"
"0xc2f82a1f287b5b5aebff7c19e83e0a16cf3bd041","1000","No"
"0xc309fe7bbcde7f47d9d4781e7937f4052fb6f302","1000","No"
"0xc3a7bf2c9d9d04a789ca41f160bfdbbd73b5dbd5","3000","No"
"0xc3ee900a4c8152d3f5c200dd9c4470ac4ad17c7b","1000","No"
"0xc40336f122d14ecfd16c74ed1e1b6563b7354d4f","1000","No"
"0xc44788726d184fe8ce4f03d4c4cd54ef8464de66","1000","No"
"0xc45d45b54045074ed12d1fe127f714f8ace46f8c","1000","No"
"0xc46db2d89327d4c41eb81c43ed5e3dff111f9a8f","1000","No"
"0xc4798b79d22630cee83b4ecb0fd98cd5ff0fbb62","3000","No"
"0xc51505386b5a1d3e7ecb88cec112796d8cee0250","1000","No"
"0xc5e38233cc0d7cff9340e6139367aba498ec9b18","1000","No"
"0xc659284cd530f1df076b38a469c4207d731a2710","1000","No"
"0xc68dfa53e15faa622f6c45aae18fea48db5af86b","1000","No"
"0xc6c2d51ed240a64f322fb7c7c582d6e5fdcaa933","1000","No"
"0xc6e15a87dff030998548e6f555ca1fb41a177d6b","1000","No"
"0xc7391970d642faf65fabac8f63b0d41c4481d787","1000","No"
"0xc8301d3780efff7ee9fc579ab3b78aa5d6885a0a","1000","No"
"0xc93cf16e82c26639cc8bfa5b2de1875be7329d14","1000","No"
"0xc948454951290bbb83e6d56e6fee5e9653750e7f","1000","No"
"0xc991dcbd79233994c5f5d3f347b020d46870a1f2","1000","No"
"0xc9ab5825ceacc38a014ecc349bd3fb8572de81d4","1000","No"
"0xc9d25b9a3496c776688833d6ccfe507ef4f41645","1000","No"
"0xca11d10ceb098f597a0cab28117fc3465991a63c","1000","No"
"0xcb28f90dcab551f9fc17afdd85a09495a87f078e","1000","No"
"0xcbc7d0ff51d37b60ba741bf566496bba53b5eea2","3000","No"
"0xcc102bd8edd910f40110c8eadf646ed45ab5044f","1000","No"
"0xcc47fcbfdd6e558fb39cf5ef4d92e59890476b86","6000","No"
"0xcca11a8edb05d64a654092e9551f9122d70ea80e","1000","No"
"0xcd949b3439a8f84f2465d468b00eb573b1eb5408","1000","No"
"0xce7a9f981a2a79c79340297edff7bb6b73f71913","1000","No"
"0xcf388e3e5742c8b78ff13bf07445da255a124248","1000","No"
"0xcf6165e56c3383978f6eaaf58b314af41569c0f0","1000","No"
"0xcf88fa6ee6d111b04be9b06ef6fad6bd6691b88c","1000","No"
"0xcfac03981285157c1745c4cee41fffd3bb45be0c","1000","No"
"0xd0f20cd4c6f377137931b83be415dd956bd72ad4","1000","No"
"0xd22886236f453e9407f54cc2706b2e9c87789702","1000","No"
"0xd239febd25f7318ea099e1b4eb2c2ac9e1a0f787","1000","No"
"0xd26d6e324b40f4f0f533e3d6a781f6e602bc2549","5000","No"
"0xd3d395877d7f5015cf98ba9a8645f13170863041","1000","No"
"0xd4123a5d361ead832058493dab34210aa4a9b152","1000","No"
"0xd441c4966dc9e80a335c2c119dd22393288ecda7","1000","No"
"0xd4a08cf067c83d1b2cc1d26831569b7850804be7","1000","No"
"0xd4d8564baace86315f02e91d1afd54a5979719e3","1000","No"
"0xd58c34ee7c561a19e9c2ec9e5f823df24bbb6b41","1000","No"
"0xd5b3988ed0ab5ec375e51bb6fd10e205cec16a2e","1000","No"
"0xd64836135240b9c1580c87f4660a369cb264b7f7","1000","No"
"0xd67da3d36085b966b1fd7f72dd8bd7e5dc630f7d","3000","No"
"0xd6a7f1b4b56642b7214fa3578565aef93dd0d5b9","1000","No"
"0xd6cda153346b0fae04346f20934a049699079ca0","1000","No"
"0xd6d7ea4833f22edbed3dbd3d71adf3cdd8e36a01","1000","No"
"0xd6dd6961d3224958fcd306b76a991ab974ec1ebc","1000","No"
"0xd78901d07221edc5f7af21ad59a392a50e406d52","3000","No"
"0xd7d3239511e5f9fd702c78bda9fe3dd8670d5be0","1000","No"
"0xd7fe1d2cc532fa4f5b2103e1dba3dc20866665fb","6000","No"
"0xd887758a36bbf3c44ba3f1ffa0d8ff8d536cc129","1000","No"
"0xd934cc70b1b06256581527a534285f5bd6a7edc7","3000","No"
"0xd9d23db5632262033ad9f73ac8fbba8d76d00188","3000","No"
"0xd9ffaf2e880df0cc7b7104e9e789d281a81824cf","5000","No"
"0xda3c325ab45b30aeb476b026fe6a777443ca04f3","1000","No"
"0xda6bb8c5507aff8c9ed9d787c1e8a82a0a79d629","1000","No"
"0xdaef5bd71a343ebc6eece4ad6081081774d9d556","3000","No"
"0xdbf58407556c99ec0ec743f4c2549fcfa467fa67","1000","No"
"0xdc0046b52e2e38aee2271b6171ebb65ccd337518","1000","No"
"0xdc1f218011888ce3da16bf403833a78cf5e2de47","1000","No"
"0xdcd50efb4ccdc9c409b4a4d8eb919ed301c86abe","1000","No"
"0xdd03fa85570ead9ea86efa9699cd4f447d090463","1000","No"
"0xdd1e6fee5428f89391963adc501d6a5fb9d9997e","1000","No"
"0xdd6cb36a0c22fdb2abc5e2ec9d96db68c29f69de","1000","No"
"0xde3ba1b41e6c612a3ca3213b84bdaf598dffdb9b","1000","No"
"0xde639a0031a60fcdc248307b7158e2bd708b2aae","5000","No"
"0xde9acaed6ba8386cf5f9fc5cc4e0c88c40f3bb2c","1000","No"
"0xdeed78eea3999c5f2ac2f344de9f459a2f0b10c2","1000","No"
"0xdf9749659a797f991693f16a9ace4b5347f77e5e","1000","No"
"0xe0b36e06dcb67c1545f091eda3e5d8004dda82fa","1000","No"
"0xe113e7b1e8ecd07973ea40978aed520241d17f27","1000","No"
"0xe1471b2a4fa06ce0eb783f34a29b5e897d306ffd","1000","No"
"0xe1b2aa6bd05cb957e2b56425dec7997e8c9a7e02","1000","No"
"0xe27c5d32ff9180fcb04d095cf4ee6a4000ebe7f8","3000","No"
"0xe36587a9a611a4d5726ed35038cbfcad37f0eef1","1000","No"
"0xe3e3e34ca7efb7b6bd33a5b4408fe6eef3114d63","1000","No"
"0xe4c8efd2ed3051b22ea3eede1af266452b0e66e9","1000","No"
"0xe568301a5cdc88c4f84b7fa87ad7997b99e8ae50","1000","No"
"0xe72eb31b59f85b19499a0f3b3260011894fa0d65","1000","No"
"0xe74ca58ef724b94fac7f2e09e2e48536a5c1ad03","1000","No"
"0xe75304fe5bb590b6dea3ca13a8abab257c12e753","1000","No"
"0xe75b05cf7f73c2808c711d38488cc8e0186d259e","1000","No"
"0xe8000117b9fcaa0612d0bb872846eba74f9aa43d","1000","No"
"0xe85dff97c86e74dfce47025987f7687085dac21c","1000","No"
"0xe8b15352c8b5ba4acabdc91907b742fc7249d91c","1000","No"
"0xe98903c3a84e7208806f0da97af42014ef1c8a92","2000","No"
"0xeb54d707252ee9e26e6a4073680bf71154ce7ab5","1000","No"
"0xeb5d900d4dd54ea5297070ecbbe31a9cbb35da42","1000","No"
"0xebc502908df2d0ac5e84cc20a0780bcb9456f8ec","1000","No"
"0xebf02c6e12c3ee119abba161c40bfeead0a06b15","6000","No"
"0xec6105b12b3b6f950cc02db88c14846719a66615","1000","No"
"0xec6d36a487d85cf562b7b8464ce8dc60637362ac","1000","No"
"0xec93f8da4c1c39bcf05d3080db267d6f52aa8eed","1000","No"
"0xed9b15ba4d0e3d8bb1825f1b994eb6406d8b3a92","1000","No"
"0xedf7b675a2fe3c27efb263fb4c204a3f0fb17d46","1000","No"
"0xee112b67e1d3f641f1e3dfa6c158feb9a4dc2e72","1000","No"
"0xee113b5073b088d53a4931842834d77c4aacc365","1000","No"
"0xee402489d83e2b22d496910f8c810d35a3ad7b25","8602.4113","No"
"0xee47086e3f4e934b38eed62389874af9a250dca7","1000","No"
"0xee620a0991d57f464aad452789a4564ba51245e8","1000","No"
"0xee88a8f50f1b77adc695dfcc34b0c820ec8a3278","1000","No"
"0xef36ce65ecac854ac0de425fe4323ac2f3710768","1000","No"
"0xef6d69922bc2d038cb508086846524f8011c4a74","1000","No"
"0xef80395b4943e1741c92a6f2119eba58cfed889a","3000","No"
"0xefcc4c68e1ddfaa4f0fa3a7479f0fb082f96a56b","1000","No"
"0xf09631d7ba044bfe44bbfec22c0a362c7e9dcdd8","10000","No"
"0xf0d6999725115e3ead3d927eb3329d63afaec09b","1000","No"
"0xf0fd037511e95b090afafd8b414d6584ddf3effb","1000","No"
"0xf12589545e2a03e861fe932c0e990e9a438c4304","100000.001","No"
"0xf1be360ab17648631cef1be4d5a2a5aefb8734d4","1000","No"
"0xf1e1c701b49b1dc2405a9e8ef40f9f88802b80fa","1000","No"
"0xf2565fd865648012da5b8c4c8a6b444e244ed250","1000","No"
"0xf2855ef7c734ec1f965915daafe668450e4b8212","1000","No"
"0xf29155745c8ee222d4f7d6a2a7a50c1901f27de2","1000","No"
"0xf29dbc79ae222677f8a91dbe55cf052e61c206fd","1000","No"
"0xf2c16ae7887450ce0018cdbad26cfdbab183ffee","1000","No"
"0xf3860788d1597cecf938424baabe976fac87dc26","15000","No"
"0xf3b1b6e83be4d55695f1d30ac3d307d9d5ca98ff","1000","No"
"0xf3b9640c32590bfb94b848f9dc5a84127f91fe33","1000","No"
"0xf44302f691a6282b52dda6015b09ee8920008d4f","1000","No"
"0xf5762806926b6d713a491fac8d4ca3a9e692b708","1000","No"
"0xf5c1d55e94726962b4b517c949120c42d646e455","1000","No"
"0xf6852df0c0a18ac3a4cb4b5d470895f86d3861ce","1000","No"
"0xf6e50f2d7348bd4c24e0a29ea6f43ae9763d969e","1000","No"
"0xf7253774bd260755d61ae09447e3e49f3c97e9a0","3000","No"
"0xf7ae063de5ef4bcbb98b2bd27afb66c59d885fc0","1000","No"
"0xf8e58bb6d7897441c2b39d0fdf4d72a2635d8f0a","3000","No"
"0xf9107317b0ff77ed5b7adea15e50514a3564002b","1000","No"
"0xf92bb2215684c353b4009395061ee7652883c365","1000","No"
"0xf930b0a0500d8f53b2e7efa4f7bcb5cc0c71067e","1500","No"
"0xf9b7850ee758ca9878a052aeed04f24a50531ea1","1000","No"
"0xfa449503dc956c0f008903fe00cc30f50e07e745","1000","No"
"0xfa46dedf812c5803b1e2cea10eef3f27dafeca56","1000","No"
"0xfa708771230db548b78348d7abce4525e1b9ac9f","3000","No"
"0xfa893e0326bc79aa30d72d64359e784770376d90","121000","No"
"0xfb1369548e5b8768ca2c3ada0556606bd7d8b615","1000","No"
"0xfb6223ea050a0956cdf294129a00f66b5ae4f5a5","1000","No"
"0xfbed5277e524113df313f9f6b29fde8677f4e936","1000","No"
"0xfcb1446008820afe90348048b633bc52173f18a1","1000","No"
"0xfd41bef1fd45d7db65fb8f4cd3804e4c8daff6b9","1000","No"
"0xfd53dda632803ecfa420d44bc43542264d49545c","1000","No"
"0xfea6145aec3832672df239639fbc1db273ace241","1000","No"
"0xfef3427ccb8f70dae9930ae9f99650e36c9159e7","1000","No"
"0xffb6d97bd1e7b7bd08595096d15037401a1f416b","6600","No"
"0xffe2fbf2e5be66fbc0323e25060f74a4f4075afa","100000.001","No"
